interaction_id,user_id,session_id,product_id,event_type,weight,timestamp
INT-1000,6a826e965e28a8faa31803ec,sess_03ec_60,6a894eddbe2a5c677d7a337f,search_click,2.0,2026-09-21 11:15:50
INT-1001,6a826e965e28a8faa31803ec,sess_03ec_23,6a894eddbe2a5c677d7a337f,view,1.0,2026-09-26 10:15:50
INT-1002,6a826e965e28a8faa31803ec,sess_03ec_31,6a894eddbe2a5c677d7a337f,add_to_cart,5.0,2026-09-04 22:15:50
INT-1003,6a826e965e28a8faa31803ec,sess_03ec_88,6a894eddbe2a5c677d7a337f,view,1.0,2026-09-10 02:15:50
INT-1004,6a826e965e28a8faa31803ec,sess_03ec_75,6a894f66be2a5c677d7a3433,add_to_cart,5.0,2026-09-27 13:15:50
INT-1005,6a826e965e28a8faa31803ec,sess_03ec_48,6a894f66be2a5c677d7a3433,purchase,10.0,2026-09-10 10:15:50
INT-1006,6a826e965e28a8faa31803ec,sess_03ec_87,6a8946a9d8b6d0f186675c72,search_click,2.0,2026-08-31 04:15:50
INT-1007,6a826e965e28a8faa31803ec,sess_03ec_68,6a8946a9d8b6d0f186675c72,view,1.0,2026-09-13 03:15:50
INT-1008,6a826ef0f5105f0b4d509b56,sess_9b56_13,6a894f66be2a5c677d7a3433,purchase,10.0,2026-09-09 19:15:50
INT-1009,6a826ef0f5105f0b4d509b56,sess_9b56_94,6a894f66be2a5c677d7a3433,search_click,2.0,2026-09-24 22:15:50
INT-1010,6a826ef0f5105f0b4d509b56,sess_9b56_74,6a894f66be2a5c677d7a3433,purchase,10.0,2026-09-14 08:15:50
INT-1011,6a826ef0f5105f0b4d509b56,sess_9b56_88,6a894f66be2a5c677d7a3433,purchase,10.0,2026-08-30 09:15:50
INT-1012,6a826ef0f5105f0b4d509b56,sess_9b56_54,6a8946aed8b6d0f186675c82,view,1.0,2026-09-10 11:15:50
INT-1013,6a826ef0f5105f0b4d509b56,sess_9b56_79,6a8946aed8b6d0f186675c82,purchase,10.0,2026-09-24 21:15:50
INT-1014,6a826ef0f5105f0b4d509b56,sess_9b56_24,6a8946aed8b6d0f186675c82,add_to_cart,5.0,2026-09-21 10:15:50
INT-1015,6a826ef0f5105f0b4d509b56,sess_9b56_63,6a8946aed8b6d0f186675c82,purchase,10.0,2026-09-24 13:15:50
INT-1016,6a826ef0f5105f0b4d509b56,sess_9b56_47,6a8946aed8b6d0f186675c82,search_click,2.0,2026-09-01 21:15:50
INT-1017,6a826ef0f5105f0b4d509b56,sess_9b56_65,6a894f6fbe2a5c677d7a343e,view,1.0,2026-09-09 14:15:50
INT-1018,6a826ef0f5105f0b4d509b56,sess_9b56_87,6a894f6fbe2a5c677d7a343e,add_to_cart,5.0,2026-09-03 01:15:50
INT-1019,6a826ef0f5105f0b4d509b56,sess_9b56_39,6a894f6fbe2a5c677d7a343e,view,1.0,2026-09-02 02:15:50
INT-1020,6a826ef0f5105f0b4d509b56,sess_9b56_49,6a85243c1559a0b67fd7306e,view,1.0,2026-09-14 08:15:50
INT-1021,6a826ef0f5105f0b4d509b56,sess_9b56_53,6a85243c1559a0b67fd7306e,view,1.0,2026-09-13 05:15:50
INT-1022,6a826ef0f5105f0b4d509b56,sess_9b56_66,6a85243c1559a0b67fd7306e,purchase,10.0,2026-09-06 12:15:50
INT-1023,6a826ef0f5105f0b4d509b56,sess_9b56_99,6a85243c1559a0b67fd7306e,view,1.0,2026-09-07 03:15:50
INT-1024,6a826ef0f5105f0b4d509b56,sess_9b56_11,6a894ee5be2a5c677d7a338a,view,1.0,2026-09-18 07:15:50
INT-1025,6a826ef0f5105f0b4d509b56,sess_9b56_30,6a894ee5be2a5c677d7a338a,add_to_cart,5.0,2026-08-31 11:15:50
INT-1026,6a826ef0f5105f0b4d509b56,sess_9b56_70,6a894ee5be2a5c677d7a338a,add_to_cart,5.0,2026-08-31 05:15:50
INT-1027,6a826ef0f5105f0b4d509b56,sess_9b56_84,6a8951fd7d4f56a68ed3a5e9,add_to_cart,5.0,2026-09-18 16:15:50
INT-1028,6a826ef0f5105f0b4d509b56,sess_9b56_77,6a8951fd7d4f56a68ed3a5e9,add_to_cart,5.0,2026-09-01 06:15:50
INT-1029,6a8275054f2c31cd59ca7824,sess_7824_77,6a8946a4d8b6d0f186675c54,view,1.0,2026-09-12 20:15:50
INT-1030,6a8275054f2c31cd59ca7824,sess_7824_36,6a8946a4d8b6d0f186675c54,view,1.0,2026-09-22 11:15:50
INT-1031,6a8275054f2c31cd59ca7824,sess_7824_90,6a8946a4d8b6d0f186675c54,add_to_cart,5.0,2026-09-15 00:15:50
INT-1032,6a8275054f2c31cd59ca7824,sess_7824_97,6a8946a4d8b6d0f186675c54,search_click,2.0,2026-09-07 21:15:50
INT-1033,6a8275054f2c31cd59ca7824,sess_7824_80,6a85243c1559a0b67fd7306e,add_to_cart,5.0,2026-09-25 04:15:50
INT-1034,6a8275054f2c31cd59ca7824,sess_7824_33,6a85243c1559a0b67fd7306e,purchase,10.0,2026-09-07 05:15:50
INT-1035,6a8275054f2c31cd59ca7824,sess_7824_92,6a894ef6be2a5c677d7a33a0,search_click,2.0,2026-09-20 04:15:50
INT-1036,6a8275054f2c31cd59ca7824,sess_7824_68,6a894ef6be2a5c677d7a33a0,purchase,10.0,2026-09-15 06:15:50
INT-1037,6a8275054f2c31cd59ca7824,sess_7824_28,6a894ef6be2a5c677d7a33a0,search_click,2.0,2026-09-10 17:15:50
INT-1038,6a8275054f2c31cd59ca7824,sess_7824_54,6a894ef6be2a5c677d7a33a0,view,1.0,2026-08-31 02:15:50
INT-1039,6a8275054f2c31cd59ca7824,sess_7824_95,6a894ef6be2a5c677d7a33a0,view,1.0,2026-09-07 21:15:50
INT-1040,6a8275054f2c31cd59ca7824,sess_7824_84,6a894ee5be2a5c677d7a338a,view,1.0,2026-08-30 10:15:50
INT-1041,6a8275054f2c31cd59ca7824,sess_7824_54,6a894ee5be2a5c677d7a338a,add_to_cart,5.0,2026-09-09 17:15:50
INT-1042,6a8275054f2c31cd59ca7824,sess_7824_46,6a894ee5be2a5c677d7a338a,purchase,10.0,2026-09-19 22:15:50
INT-1043,6a82f80be94f6bbbad32cc4c,sess_cc4c_97,6a894eddbe2a5c677d7a337f,add_to_cart,5.0,2026-09-02 00:15:50
INT-1044,6a82f80be94f6bbbad32cc4c,sess_cc4c_20,6a894eddbe2a5c677d7a337f,search_click,2.0,2026-09-06 18:15:50
INT-1045,6a82f80be94f6bbbad32cc4c,sess_cc4c_95,6a894eddbe2a5c677d7a337f,search_click,2.0,2026-09-16 22:15:50
INT-1046,6a82f80be94f6bbbad32cc4c,sess_cc4c_59,6a894eddbe2a5c677d7a337f,purchase,10.0,2026-09-02 03:15:50
INT-1047,6a82f80be94f6bbbad32cc4c,sess_cc4c_78,6a894eddbe2a5c677d7a337f,add_to_cart,5.0,2026-09-07 15:15:50
INT-1048,6a82f80be94f6bbbad32cc4c,sess_cc4c_28,6a8952047d4f56a68ed3a5f5,purchase,10.0,2026-09-20 05:15:50
INT-1049,6a82f80be94f6bbbad32cc4c,sess_cc4c_15,6a8952047d4f56a68ed3a5f5,add_to_cart,5.0,2026-09-23 06:15:50
INT-1050,6a82f80be94f6bbbad32cc4c,sess_cc4c_83,6a8952047d4f56a68ed3a5f5,purchase,10.0,2026-09-20 05:15:50
INT-1051,6a82f80be94f6bbbad32cc4c,sess_cc4c_81,6a8952047d4f56a68ed3a5f5,search_click,2.0,2026-09-07 10:15:50
INT-1052,6a82f80be94f6bbbad32cc4c,sess_cc4c_12,6a8952047d4f56a68ed3a5f5,add_to_cart,5.0,2026-09-18 17:15:50
INT-1053,6a82f80be94f6bbbad32cc4c,sess_cc4c_19,6a8951fd7d4f56a68ed3a5e9,search_click,2.0,2026-09-10 08:15:50
INT-1054,6a82f80be94f6bbbad32cc4c,sess_cc4c_72,6a8951fd7d4f56a68ed3a5e9,view,1.0,2026-09-20 14:15:50
INT-1055,6a82f80be94f6bbbad32cc4c,sess_cc4c_32,6a8951fd7d4f56a68ed3a5e9,search_click,2.0,2026-09-17 19:15:50
INT-1056,6a82f80be94f6bbbad32cc4c,sess_cc4c_10,6a8946a4d8b6d0f186675c54,search_click,2.0,2026-09-17 12:15:50
INT-1057,6a82f80be94f6bbbad32cc4c,sess_cc4c_34,6a8946a4d8b6d0f186675c54,purchase,10.0,2026-09-06 10:15:50
INT-1058,6a82f80be94f6bbbad32cc4c,sess_cc4c_73,6a85243c1559a0b67fd7306e,add_to_cart,5.0,2026-09-12 00:15:50
INT-1059,6a82f80be94f6bbbad32cc4c,sess_cc4c_22,6a85243c1559a0b67fd7306e,view,1.0,2026-09-09 17:15:50
INT-1060,6a82f80be94f6bbbad32cc4c,sess_cc4c_20,6a85243c1559a0b67fd7306e,add_to_cart,5.0,2026-09-11 15:15:50
INT-1061,6a82f80be94f6bbbad32cc4c,sess_cc4c_53,6a85243c1559a0b67fd7306e,search_click,2.0,2026-09-21 14:15:50
INT-1062,6a82f80be94f6bbbad32cc4c,sess_cc4c_43,6a85243c1559a0b67fd7306e,search_click,2.0,2026-09-05 03:15:50
INT-1063,6a82f80be94f6bbbad32cc4c,sess_cc4c_74,6a8946b3d8b6d0f186675ca0,view,1.0,2026-09-05 16:15:50
INT-1064,6a82f80be94f6bbbad32cc4c,sess_cc4c_43,6a8946b3d8b6d0f186675ca0,search_click,2.0,2026-09-20 03:15:50
INT-1065,6a82f80be94f6bbbad32cc4c,sess_cc4c_94,6a8946b3d8b6d0f186675ca0,search_click,2.0,2026-09-27 14:15:50
INT-1066,6a82f80be94f6bbbad32cc4c,sess_cc4c_62,6a8946b3d8b6d0f186675ca0,search_click,2.0,2026-09-02 14:15:50
INT-1067,6a82f80be94f6bbbad32cc4c,sess_cc4c_16,6a8946b3d8b6d0f186675ca0,view,1.0,2026-09-10 10:15:50
INT-1068,6a8690433765b9fb51bf832f,sess_832f_66,6a894ee5be2a5c677d7a338a,add_to_cart,5.0,2026-09-09 17:15:50
INT-1069,6a8690433765b9fb51bf832f,sess_832f_99,6a894ee5be2a5c677d7a338a,purchase,10.0,2026-09-16 16:15:50
INT-1070,6a8690433765b9fb51bf832f,sess_832f_51,6a894f6fbe2a5c677d7a343e,purchase,10.0,2026-09-11 15:15:50
INT-1071,6a8690433765b9fb51bf832f,sess_832f_45,6a894f6fbe2a5c677d7a343e,purchase,10.0,2026-09-27 04:15:50
INT-1072,6a8690433765b9fb51bf832f,sess_832f_35,6a894f6fbe2a5c677d7a343e,search_click,2.0,2026-09-11 20:15:50
INT-1073,6a8690433765b9fb51bf832f,sess_832f_95,6a894f6fbe2a5c677d7a343e,add_to_cart,5.0,2026-09-06 10:15:50
INT-1074,6a8690433765b9fb51bf832f,sess_832f_59,6a894ef6be2a5c677d7a33a0,search_click,2.0,2026-09-05 12:15:50
INT-1075,6a8690433765b9fb51bf832f,sess_832f_85,6a894ef6be2a5c677d7a33a0,view,1.0,2026-09-02 22:15:50
INT-1076,6a8690433765b9fb51bf832f,sess_832f_14,6a894ef6be2a5c677d7a33a0,purchase,10.0,2026-08-29 16:15:50
INT-1077,6a8690433765b9fb51bf832f,sess_832f_49,6a894ef6be2a5c677d7a33a0,view,1.0,2026-09-10 13:15:50
INT-1078,6a8690433765b9fb51bf832f,sess_832f_86,6a894ef6be2a5c677d7a33a0,search_click,2.0,2026-09-21 17:15:50
INT-1079,6a8690433765b9fb51bf832f,sess_832f_45,6a83e189b9c238cc70cce36b,add_to_cart,5.0,2026-09-11 16:15:50
INT-1080,6a8690433765b9fb51bf832f,sess_832f_23,6a83e189b9c238cc70cce36b,purchase,10.0,2026-09-13 07:15:50
INT-1081,6a8690433765b9fb51bf832f,sess_832f_21,6a894f06be2a5c677d7a33b3,purchase,10.0,2026-09-27 05:15:50
INT-1082,6a8690433765b9fb51bf832f,sess_832f_42,6a894f06be2a5c677d7a33b3,search_click,2.0,2026-08-30 18:15:50
INT-1083,6a8690433765b9fb51bf832f,sess_832f_21,6a894f06be2a5c677d7a33b3,add_to_cart,5.0,2026-09-16 03:15:50
INT-1084,6a8690433765b9fb51bf832f,sess_832f_52,6a894f06be2a5c677d7a33b3,view,1.0,2026-09-08 03:15:50
INT-1085,6a87077103c8018865bf6ee3,sess_6ee3_62,6a894ee5be2a5c677d7a338a,purchase,10.0,2026-09-18 10:15:50
INT-1086,6a87077103c8018865bf6ee3,sess_6ee3_46,6a894ee5be2a5c677d7a338a,purchase,10.0,2026-09-25 10:15:50
INT-1087,6a87077103c8018865bf6ee3,sess_6ee3_83,6a894ee5be2a5c677d7a338a,add_to_cart,5.0,2026-09-05 08:15:50
INT-1088,6a87077103c8018865bf6ee3,sess_6ee3_22,6a894ee5be2a5c677d7a338a,search_click,2.0,2026-09-10 05:15:50
INT-1089,6a87077103c8018865bf6ee3,sess_6ee3_39,6a894ee5be2a5c677d7a338a,search_click,2.0,2026-08-31 06:15:50
INT-1090,6a87077103c8018865bf6ee3,sess_6ee3_73,6a894eeebe2a5c677d7a3395,add_to_cart,5.0,2026-09-06 14:15:50
INT-1091,6a87077103c8018865bf6ee3,sess_6ee3_41,6a894eeebe2a5c677d7a3395,add_to_cart,5.0,2026-09-24 06:15:50
INT-1092,6a87077103c8018865bf6ee3,sess_6ee3_62,6a894eeebe2a5c677d7a3395,add_to_cart,5.0,2026-09-21 21:15:50
INT-1093,6a87077103c8018865bf6ee3,sess_6ee3_52,6a8951f67d4f56a68ed3a5de,view,1.0,2026-09-01 05:15:50
INT-1094,6a87077103c8018865bf6ee3,sess_6ee3_88,6a8951f67d4f56a68ed3a5de,add_to_cart,5.0,2026-09-14 05:15:50
INT-1095,6a87077103c8018865bf6ee3,sess_6ee3_22,6a8951f67d4f56a68ed3a5de,view,1.0,2026-09-11 20:15:50
INT-1096,6a87077103c8018865bf6ee3,sess_6ee3_24,6a8951f67d4f56a68ed3a5de,search_click,2.0,2026-09-14 14:15:50
INT-1097,6a87077103c8018865bf6ee3,sess_6ee3_42,6a8952047d4f56a68ed3a5f5,add_to_cart,5.0,2026-09-03 05:15:50
INT-1098,6a87077103c8018865bf6ee3,sess_6ee3_49,6a8952047d4f56a68ed3a5f5,purchase,10.0,2026-08-30 13:15:50
INT-1099,6a87077103c8018865bf6ee3,sess_6ee3_94,6a8952047d4f56a68ed3a5f5,purchase,10.0,2026-09-15 07:15:50
INT-1100,6a87077103c8018865bf6ee3,sess_6ee3_46,6a8952047d4f56a68ed3a5f5,view,1.0,2026-09-16 03:15:50
INT-1101,6a8708a503c8018865bf6ee4,sess_6ee4_41,6a8951fd7d4f56a68ed3a5e9,search_click,2.0,2026-09-15 23:15:50
INT-1102,6a8708a503c8018865bf6ee4,sess_6ee4_32,6a8951fd7d4f56a68ed3a5e9,purchase,10.0,2026-09-24 02:15:50
INT-1103,6a8708a503c8018865bf6ee4,sess_6ee4_24,6a8951fd7d4f56a68ed3a5e9,purchase,10.0,2026-09-06 02:15:50
INT-1104,6a8708a503c8018865bf6ee4,sess_6ee4_57,6a8946a9d8b6d0f186675c72,search_click,2.0,2026-09-08 03:15:50
INT-1105,6a8708a503c8018865bf6ee4,sess_6ee4_54,6a8946a9d8b6d0f186675c72,add_to_cart,5.0,2026-09-17 11:15:50
INT-1106,6a8708a503c8018865bf6ee4,sess_6ee4_59,6a89469ed8b6d0f186675c26,view,1.0,2026-08-30 06:15:50
INT-1107,6a8708a503c8018865bf6ee4,sess_6ee4_47,6a89469ed8b6d0f186675c26,view,1.0,2026-09-03 22:15:50
INT-1108,6a8708a503c8018865bf6ee4,sess_6ee4_15,6a85243c1559a0b67fd7306e,view,1.0,2026-09-19 07:15:50
INT-1109,6a8708a503c8018865bf6ee4,sess_6ee4_42,6a85243c1559a0b67fd7306e,purchase,10.0,2026-09-09 13:15:50
INT-1110,6a8708a503c8018865bf6ee4,sess_6ee4_63,6a85243c1559a0b67fd7306e,view,1.0,2026-09-13 03:15:50
INT-1111,6a8708a503c8018865bf6ee4,sess_6ee4_77,6a894eeebe2a5c677d7a3395,view,1.0,2026-09-20 15:15:50
INT-1112,6a8708a503c8018865bf6ee4,sess_6ee4_63,6a894eeebe2a5c677d7a3395,purchase,10.0,2026-09-10 09:15:50
INT-1113,6a8b998dfd7c2559c7e745b6,sess_45b6_99,6a85243c1559a0b67fd7306e,purchase,10.0,2026-08-30 07:15:50
INT-1114,6a8b998dfd7c2559c7e745b6,sess_45b6_39,6a85243c1559a0b67fd7306e,purchase,10.0,2026-09-18 21:15:50
INT-1115,6a8b998dfd7c2559c7e745b6,sess_45b6_81,6a83e189b9c238cc70cce36b,purchase,10.0,2026-09-17 22:15:50
INT-1116,6a8b998dfd7c2559c7e745b6,sess_45b6_43,6a83e189b9c238cc70cce36b,purchase,10.0,2026-08-30 06:15:50
INT-1117,6a8b998dfd7c2559c7e745b6,sess_45b6_59,6a83e189b9c238cc70cce36b,purchase,10.0,2026-09-17 23:15:50
INT-1118,6a8b998dfd7c2559c7e745b6,sess_45b6_77,6a89520b7d4f56a68ed3a601,view,1.0,2026-09-25 22:15:50
INT-1119,6a8b998dfd7c2559c7e745b6,sess_45b6_82,6a89520b7d4f56a68ed3a601,view,1.0,2026-09-09 08:15:50
INT-1120,6a8b998dfd7c2559c7e745b6,sess_45b6_20,6a89520b7d4f56a68ed3a601,view,1.0,2026-09-03 10:15:50
INT-1121,6a8b998dfd7c2559c7e745b6,sess_45b6_17,6a89520b7d4f56a68ed3a601,add_to_cart,5.0,2026-09-17 18:15:50
INT-1122,6a8be4612dca1c2f6c0207ed,sess_07ed_76,6a8951fd7d4f56a68ed3a5e9,search_click,2.0,2026-09-24 19:15:50
INT-1123,6a8be4612dca1c2f6c0207ed,sess_07ed_77,6a8951fd7d4f56a68ed3a5e9,add_to_cart,5.0,2026-09-13 06:15:50
INT-1124,6a8be4612dca1c2f6c0207ed,sess_07ed_13,6a8951fd7d4f56a68ed3a5e9,view,1.0,2026-09-24 12:15:50
INT-1125,6a8be4612dca1c2f6c0207ed,sess_07ed_56,6a8946a4d8b6d0f186675c54,search_click,2.0,2026-09-26 15:15:50
INT-1126,6a8be4612dca1c2f6c0207ed,sess_07ed_59,6a8946a4d8b6d0f186675c54,search_click,2.0,2026-09-24 04:15:50
INT-1127,6a8be4612dca1c2f6c0207ed,sess_07ed_68,6a8946a4d8b6d0f186675c54,view,1.0,2026-09-11 13:15:50
INT-1128,6a8be4612dca1c2f6c0207ed,sess_07ed_59,6a894ef6be2a5c677d7a33a0,add_to_cart,5.0,2026-09-02 18:15:50
INT-1129,6a8be4612dca1c2f6c0207ed,sess_07ed_48,6a894ef6be2a5c677d7a33a0,view,1.0,2026-09-03 20:15:50
INT-1130,6a8be4612dca1c2f6c0207ed,sess_07ed_31,6a894ef6be2a5c677d7a33a0,purchase,10.0,2026-09-09 11:15:50
INT-1131,6a8be4612dca1c2f6c0207ed,sess_07ed_95,6a894ef6be2a5c677d7a33a0,search_click,2.0,2026-09-01 13:15:50
INT-1132,6a8be4612dca1c2f6c0207ed,sess_07ed_14,6a8952047d4f56a68ed3a5f5,purchase,10.0,2026-09-17 12:15:50
INT-1133,6a8be4612dca1c2f6c0207ed,sess_07ed_10,6a8952047d4f56a68ed3a5f5,view,1.0,2026-09-11 21:15:50
INT-1134,6a8be4612dca1c2f6c0207ed,sess_07ed_65,6a8952047d4f56a68ed3a5f5,search_click,2.0,2026-09-23 06:15:50
INT-1135,6a8be4612dca1c2f6c0207ed,sess_07ed_22,6a8952047d4f56a68ed3a5f5,view,1.0,2026-09-21 08:15:50
INT-1136,6a8be4612dca1c2f6c0207ed,sess_07ed_66,6a894f66be2a5c677d7a3433,view,1.0,2026-09-01 10:15:50
INT-1137,6a8be4612dca1c2f6c0207ed,sess_07ed_22,6a894f66be2a5c677d7a3433,search_click,2.0,2026-08-29 19:15:50
INT-1138,6a8be4612dca1c2f6c0207ed,sess_07ed_24,6a894f66be2a5c677d7a3433,purchase,10.0,2026-09-22 19:15:50
INT-1139,6a8be4612dca1c2f6c0207ed,sess_07ed_35,6a894f66be2a5c677d7a3433,view,1.0,2026-09-06 08:15:50
INT-1140,6a8be4612dca1c2f6c0207ed,sess_07ed_58,6a894f66be2a5c677d7a3433,add_to_cart,5.0,2026-09-05 17:15:50
INT-1141,6a8be4612dca1c2f6c0207ee,sess_07ee_50,6a894698d8b6d0f186675bf8,add_to_cart,5.0,2026-09-25 10:15:50
INT-1142,6a8be4612dca1c2f6c0207ee,sess_07ee_60,6a894698d8b6d0f186675bf8,purchase,10.0,2026-09-08 05:15:50
INT-1143,6a8be4612dca1c2f6c0207ee,sess_07ee_22,6a894698d8b6d0f186675bf8,search_click,2.0,2026-09-13 18:15:50
INT-1144,6a8be4612dca1c2f6c0207ee,sess_07ee_57,6a894698d8b6d0f186675bf8,search_click,2.0,2026-08-29 20:15:50
INT-1145,6a8be4612dca1c2f6c0207ee,sess_07ee_84,6a894f06be2a5c677d7a33b3,add_to_cart,5.0,2026-09-07 22:15:50
INT-1146,6a8be4612dca1c2f6c0207ee,sess_07ee_46,6a894f06be2a5c677d7a33b3,view,1.0,2026-09-25 19:15:50
INT-1147,6a8be4612dca1c2f6c0207ee,sess_07ee_46,6a894f06be2a5c677d7a33b3,purchase,10.0,2026-09-02 05:15:50
INT-1148,6a8be4612dca1c2f6c0207ee,sess_07ee_78,6a8946a4d8b6d0f186675c54,add_to_cart,5.0,2026-09-06 23:15:50
INT-1149,6a8be4612dca1c2f6c0207ee,sess_07ee_39,6a8946a4d8b6d0f186675c54,purchase,10.0,2026-09-09 08:15:50
INT-1150,6a8be4612dca1c2f6c0207ee,sess_07ee_52,6a894eeebe2a5c677d7a3395,purchase,10.0,2026-09-07 11:15:50
INT-1151,6a8be4612dca1c2f6c0207ee,sess_07ee_91,6a894eeebe2a5c677d7a3395,add_to_cart,5.0,2026-09-20 23:15:50
INT-1152,6a8be4612dca1c2f6c0207ee,sess_07ee_26,6a894eeebe2a5c677d7a3395,add_to_cart,5.0,2026-09-18 09:15:50
INT-1153,6a8be4612dca1c2f6c0207ee,sess_07ee_59,6a894eeebe2a5c677d7a3395,add_to_cart,5.0,2026-09-17 13:15:50
INT-1154,6a8be4612dca1c2f6c0207ee,sess_07ee_62,6a894f6fbe2a5c677d7a343e,search_click,2.0,2026-09-11 11:15:50
INT-1155,6a8be4612dca1c2f6c0207ee,sess_07ee_85,6a894f6fbe2a5c677d7a343e,add_to_cart,5.0,2026-09-09 09:15:50
INT-1156,6a8be4612dca1c2f6c0207ee,sess_07ee_74,6a894ef6be2a5c677d7a33a0,add_to_cart,5.0,2026-09-10 12:15:50
INT-1157,6a8be4612dca1c2f6c0207ee,sess_07ee_14,6a894ef6be2a5c677d7a33a0,search_click,2.0,2026-09-18 04:15:50
INT-1158,6a8be4612dca1c2f6c0207ef,sess_07ef_56,6a894691d8b6d0f186675bca,add_to_cart,5.0,2026-09-01 22:15:50
INT-1159,6a8be4612dca1c2f6c0207ef,sess_07ef_96,6a894691d8b6d0f186675bca,purchase,10.0,2026-09-10 09:15:50
INT-1160,6a8be4612dca1c2f6c0207ef,sess_07ef_19,6a894691d8b6d0f186675bca,view,1.0,2026-09-25 20:15:50
INT-1161,6a8be4612dca1c2f6c0207ef,sess_07ef_26,6a85243c1559a0b67fd7306e,add_to_cart,5.0,2026-09-16 08:15:50
INT-1162,6a8be4612dca1c2f6c0207ef,sess_07ef_25,6a85243c1559a0b67fd7306e,view,1.0,2026-09-04 12:15:50
INT-1163,6a8be4612dca1c2f6c0207ef,sess_07ef_28,6a85243c1559a0b67fd7306e,purchase,10.0,2026-09-19 15:15:50
INT-1164,6a8be4612dca1c2f6c0207ef,sess_07ef_82,6a894f6fbe2a5c677d7a343e,search_click,2.0,2026-08-30 11:15:50
INT-1165,6a8be4612dca1c2f6c0207ef,sess_07ef_54,6a894f6fbe2a5c677d7a343e,view,1.0,2026-09-02 06:15:50
INT-1166,6a8be4612dca1c2f6c0207ef,sess_07ef_62,6a894f6fbe2a5c677d7a343e,view,1.0,2026-09-17 02:15:50
INT-1167,6a8be4612dca1c2f6c0207ef,sess_07ef_81,6a894683d8b6d0f186675b9c,view,1.0,2026-09-26 15:15:50
INT-1168,6a8be4612dca1c2f6c0207ef,sess_07ef_95,6a894683d8b6d0f186675b9c,search_click,2.0,2026-09-25 03:15:50
INT-1169,6a8be4612dca1c2f6c0207ef,sess_07ef_30,6a8951ee7d4f56a68ed3a5d2,search_click,2.0,2026-08-30 00:15:50
INT-1170,6a8be4612dca1c2f6c0207ef,sess_07ef_25,6a8951ee7d4f56a68ed3a5d2,search_click,2.0,2026-09-08 15:15:50
INT-1171,6a8be4622dca1c2f6c0207f0,sess_07f0_91,6a8946b3d8b6d0f186675ca0,purchase,10.0,2026-09-26 04:15:50
INT-1172,6a8be4622dca1c2f6c0207f0,sess_07f0_26,6a8946b3d8b6d0f186675ca0,view,1.0,2026-09-18 18:15:50
INT-1173,6a8be4622dca1c2f6c0207f0,sess_07f0_77,6a8946b3d8b6d0f186675ca0,search_click,2.0,2026-09-08 12:15:50
INT-1174,6a8be4622dca1c2f6c0207f0,sess_07f0_84,6a8946b3d8b6d0f186675ca0,purchase,10.0,2026-09-20 05:15:50
INT-1175,6a8be4622dca1c2f6c0207f0,sess_07f0_20,6a8951ee7d4f56a68ed3a5d2,view,1.0,2026-09-16 20:15:50
INT-1176,6a8be4622dca1c2f6c0207f0,sess_07f0_29,6a8951ee7d4f56a68ed3a5d2,search_click,2.0,2026-08-31 13:15:50
INT-1177,6a8be4622dca1c2f6c0207f0,sess_07f0_36,6a8951ee7d4f56a68ed3a5d2,search_click,2.0,2026-09-14 01:15:50
INT-1178,6a8be4622dca1c2f6c0207f0,sess_07f0_25,6a894eddbe2a5c677d7a337f,view,1.0,2026-09-26 18:15:50
INT-1179,6a8be4622dca1c2f6c0207f0,sess_07f0_99,6a894eddbe2a5c677d7a337f,purchase,10.0,2026-09-08 05:15:50
INT-1180,6a8be4622dca1c2f6c0207f0,sess_07f0_47,6a894eddbe2a5c677d7a337f,purchase,10.0,2026-09-26 12:15:50
INT-1181,6a8be4622dca1c2f6c0207f0,sess_07f0_51,6a894eddbe2a5c677d7a337f,view,1.0,2026-09-03 16:15:50
INT-1182,6a8be4622dca1c2f6c0207f0,sess_07f0_13,6a894eddbe2a5c677d7a337f,view,1.0,2026-09-04 19:15:50
INT-1183,6a8be4622dca1c2f6c0207f0,sess_07f0_76,6a894ef6be2a5c677d7a33a0,purchase,10.0,2026-09-20 02:15:50
INT-1184,6a8be4622dca1c2f6c0207f0,sess_07f0_19,6a894ef6be2a5c677d7a33a0,view,1.0,2026-09-09 00:15:50
INT-1185,6a8be4622dca1c2f6c0207f0,sess_07f0_94,6a894ef6be2a5c677d7a33a0,view,1.0,2026-09-23 08:15:50
INT-1186,6a8be4622dca1c2f6c0207f0,sess_07f0_90,6a894ef6be2a5c677d7a33a0,search_click,2.0,2026-09-02 13:15:50
INT-1187,6a8be4622dca1c2f6c0207f0,sess_07f0_80,6a894f06be2a5c677d7a33b3,view,1.0,2026-09-11 22:15:50
INT-1188,6a8be4622dca1c2f6c0207f0,sess_07f0_80,6a894f06be2a5c677d7a33b3,add_to_cart,5.0,2026-09-01 15:15:50
INT-1189,6a8be4622dca1c2f6c0207f0,sess_07f0_57,6a894f06be2a5c677d7a33b3,add_to_cart,5.0,2026-09-24 14:15:50
INT-1190,6a8be4622dca1c2f6c0207f0,sess_07f0_40,6a894f06be2a5c677d7a33b3,add_to_cart,5.0,2026-09-19 14:15:50
INT-1191,6a8be4622dca1c2f6c0207f0,sess_07f0_31,6a894f06be2a5c677d7a33b3,view,1.0,2026-09-16 07:15:50
INT-1192,6a8be4622dca1c2f6c0207f0,sess_07f0_54,6a894ee5be2a5c677d7a338a,purchase,10.0,2026-09-16 02:15:50
INT-1193,6a8be4622dca1c2f6c0207f0,sess_07f0_14,6a894ee5be2a5c677d7a338a,purchase,10.0,2026-09-24 21:15:50
INT-1194,6a8be4622dca1c2f6c0207f1,sess_07f1_67,6a8952047d4f56a68ed3a5f5,search_click,2.0,2026-09-23 01:15:50
INT-1195,6a8be4622dca1c2f6c0207f1,sess_07f1_24,6a8952047d4f56a68ed3a5f5,purchase,10.0,2026-09-19 23:15:50
INT-1196,6a8be4622dca1c2f6c0207f1,sess_07f1_49,6a8952047d4f56a68ed3a5f5,search_click,2.0,2026-09-10 15:15:50
INT-1197,6a8be4622dca1c2f6c0207f1,sess_07f1_22,6a8951ee7d4f56a68ed3a5d2,view,1.0,2026-09-21 05:15:50
INT-1198,6a8be4622dca1c2f6c0207f1,sess_07f1_78,6a8951ee7d4f56a68ed3a5d2,view,1.0,2026-09-16 04:15:50
INT-1199,6a8be4622dca1c2f6c0207f1,sess_07f1_26,6a8951ee7d4f56a68ed3a5d2,add_to_cart,5.0,2026-09-24 14:15:50
INT-1200,6a8be4622dca1c2f6c0207f1,sess_07f1_25,6a8951ee7d4f56a68ed3a5d2,search_click,2.0,2026-09-21 08:15:50
INT-1201,6a8be4622dca1c2f6c0207f1,sess_07f1_90,6a8946a9d8b6d0f186675c72,purchase,10.0,2026-08-29 21:15:50
INT-1202,6a8be4622dca1c2f6c0207f1,sess_07f1_36,6a8946a9d8b6d0f186675c72,view,1.0,2026-09-23 13:15:50
INT-1203,6a8be4622dca1c2f6c0207f1,sess_07f1_34,6a894683d8b6d0f186675b9c,view,1.0,2026-09-21 15:15:50
INT-1204,6a8be4622dca1c2f6c0207f1,sess_07f1_25,6a894683d8b6d0f186675b9c,purchase,10.0,2026-09-11 07:15:50
INT-1205,6a8be4622dca1c2f6c0207f1,sess_07f1_24,6a894683d8b6d0f186675b9c,view,1.0,2026-09-26 01:15:50
INT-1206,6a8be4622dca1c2f6c0207f1,sess_07f1_43,6a894683d8b6d0f186675b9c,add_to_cart,5.0,2026-09-26 03:15:50
INT-1207,6a8be4622dca1c2f6c0207f1,sess_07f1_45,6a894683d8b6d0f186675b9c,view,1.0,2026-09-26 21:15:50
INT-1208,6a8be4622dca1c2f6c0207f1,sess_07f1_37,6a894691d8b6d0f186675bca,search_click,2.0,2026-09-16 01:15:50
INT-1209,6a8be4622dca1c2f6c0207f1,sess_07f1_26,6a894691d8b6d0f186675bca,view,1.0,2026-09-21 15:15:50
INT-1210,6a8be4622dca1c2f6c0207f1,sess_07f1_91,6a894691d8b6d0f186675bca,purchase,10.0,2026-09-10 17:15:50
INT-1211,6a8be4622dca1c2f6c0207f1,sess_07f1_86,6a894691d8b6d0f186675bca,add_to_cart,5.0,2026-09-08 07:15:50
INT-1212,6a8be4622dca1c2f6c0207f1,sess_07f1_98,6a894691d8b6d0f186675bca,view,1.0,2026-09-27 10:15:50
INT-1213,6a8be4622dca1c2f6c0207f1,sess_07f1_46,6a894ef6be2a5c677d7a33a0,purchase,10.0,2026-09-20 02:15:50
INT-1214,6a8be4622dca1c2f6c0207f1,sess_07f1_84,6a894ef6be2a5c677d7a33a0,search_click,2.0,2026-09-26 08:15:50
INT-1215,6a8be4622dca1c2f6c0207f1,sess_07f1_16,6a894ef6be2a5c677d7a33a0,search_click,2.0,2026-09-20 05:15:50
INT-1216,6ab13c1c5c939fc43f4b9969,sess_9969_99,6a8951ee7d4f56a68ed3a5d2,add_to_cart,5.0,2026-09-06 09:15:50
INT-1217,6ab13c1c5c939fc43f4b9969,sess_9969_90,6a8951ee7d4f56a68ed3a5d2,add_to_cart,5.0,2026-09-04 08:15:50
INT-1218,6ab13c1c5c939fc43f4b9969,sess_9969_98,6a8951ee7d4f56a68ed3a5d2,purchase,10.0,2026-09-19 08:15:50
INT-1219,6ab13c1c5c939fc43f4b9969,sess_9969_71,6a8951ee7d4f56a68ed3a5d2,view,1.0,2026-09-27 13:15:50
INT-1220,6ab13c1c5c939fc43f4b9969,sess_9969_91,6a8951f67d4f56a68ed3a5de,add_to_cart,5.0,2026-09-14 00:15:50
INT-1221,6ab13c1c5c939fc43f4b9969,sess_9969_87,6a8951f67d4f56a68ed3a5de,search_click,2.0,2026-09-25 10:15:50
INT-1222,6ab13c1c5c939fc43f4b9969,sess_9969_31,6a8951f67d4f56a68ed3a5de,view,1.0,2026-09-24 07:15:50
INT-1223,6ab13c1c5c939fc43f4b9969,sess_9969_45,6a8951f67d4f56a68ed3a5de,search_click,2.0,2026-09-07 19:15:50
INT-1224,6ab13c1c5c939fc43f4b9969,sess_9969_68,6a8946a9d8b6d0f186675c72,search_click,2.0,2026-09-12 20:15:50
INT-1225,6ab13c1c5c939fc43f4b9969,sess_9969_84,6a8946a9d8b6d0f186675c72,add_to_cart,5.0,2026-09-05 12:15:50
INT-1226,6ab13c1c5c939fc43f4b9969,sess_9969_90,6a8946a9d8b6d0f186675c72,add_to_cart,5.0,2026-09-05 16:15:50
INT-1227,6ab13c1c5c939fc43f4b9969,sess_9969_15,6a8946a9d8b6d0f186675c72,purchase,10.0,2026-09-14 05:15:50
INT-1228,6ab4aa22a8961acf923ff384,sess_f384_52,6a8952127d4f56a68ed3a60d,purchase,10.0,2026-09-05 12:15:50
INT-1229,6ab4aa22a8961acf923ff384,sess_f384_53,6a8952127d4f56a68ed3a60d,view,1.0,2026-09-05 02:15:50
INT-1230,6ab4aa22a8961acf923ff384,sess_f384_90,6a8952127d4f56a68ed3a60d,search_click,2.0,2026-09-20 03:15:50
INT-1231,6ab4aa22a8961acf923ff384,sess_f384_49,6a894f06be2a5c677d7a33b3,search_click,2.0,2026-09-06 14:15:50
INT-1232,6ab4aa22a8961acf923ff384,sess_f384_47,6a894f06be2a5c677d7a33b3,add_to_cart,5.0,2026-09-05 16:15:50
INT-1233,6ab4aa22a8961acf923ff384,sess_f384_96,6a894f06be2a5c677d7a33b3,add_to_cart,5.0,2026-09-02 21:15:50
INT-1234,6ab4aa22a8961acf923ff384,sess_f384_45,6a894f06be2a5c677d7a33b3,purchase,10.0,2026-09-03 21:15:50
INT-1235,6ab4aa22a8961acf923ff384,sess_f384_72,6a894f06be2a5c677d7a33b3,view,1.0,2026-09-16 21:15:50
INT-1236,6ab4aa22a8961acf923ff384,sess_f384_25,6a8951ee7d4f56a68ed3a5d2,search_click,2.0,2026-09-25 21:15:50
INT-1237,6ab4aa22a8961acf923ff384,sess_f384_77,6a8951ee7d4f56a68ed3a5d2,view,1.0,2026-09-09 23:15:50
INT-1238,6ab4aa22a8961acf923ff384,sess_f384_39,6a8951ee7d4f56a68ed3a5d2,add_to_cart,5.0,2026-09-08 10:15:50
INT-1239,6ab4aa22a8961acf923ff384,sess_f384_54,6a8951ee7d4f56a68ed3a5d2,purchase,10.0,2026-09-18 07:15:50
INT-1240,6ab4aa22a8961acf923ff384,sess_f384_27,6a8951ee7d4f56a68ed3a5d2,add_to_cart,5.0,2026-09-27 10:15:50
