order_id,user_id,product_id,quantity,unit_price,total_amount,payment_method,created_at
ORD-5001,6a826e965e28a8faa31803ec,6a894f66be2a5c677d7a3433,2,16390000.0,32780000.0,BANK_TRANSFER,2026-09-21 14:15:50
ORD-5002,6a826ef0f5105f0b4d509b56,6a894691d8b6d0f186675bca,2,8990000.0,17980000.0,BANK_TRANSFER,2026-09-20 14:15:50
ORD-5003,6a826ef0f5105f0b4d509b56,6a894f06be2a5c677d7a33b3,1,8490000.0,8490000.0,COD,2026-09-12 14:15:50
ORD-5004,6a8275054f2c31cd59ca7824,6a894f06be2a5c677d7a33b3,2,8490000.0,16980000.0,BANK_TRANSFER,2026-09-18 14:15:50
ORD-5005,6a82f80be94f6bbbad32cc4c,6a89520b7d4f56a68ed3a601,1,32490000.0,32490000.0,VNPAY,2026-09-21 14:15:50
ORD-5006,6a8690433765b9fb51bf832f,6a894eeebe2a5c677d7a3395,2,15490000.0,30980000.0,BANK_TRANSFER,2026-09-12 14:15:50
ORD-5007,6a8690433765b9fb51bf832f,6a8946aed8b6d0f186675c82,1,20490000.0,20490000.0,COD,2026-09-15 14:15:50
ORD-5008,6a87077103c8018865bf6ee3,6a894eeebe2a5c677d7a3395,1,15490000.0,15490000.0,BANK_TRANSFER,2026-09-23 14:15:50
ORD-5009,6a87077103c8018865bf6ee3,6a8946b3d8b6d0f186675ca0,2,7490000.0,14980000.0,MOMO,2026-09-13 14:15:50
ORD-5010,6a8708a503c8018865bf6ee4,6a894ee5be2a5c677d7a338a,2,10290000.0,20580000.0,BANK_TRANSFER,2026-09-21 14:15:50
ORD-5011,6a8708a503c8018865bf6ee4,6a8952047d4f56a68ed3a5f5,1,9590000.0,9590000.0,VNPAY,2026-09-18 14:15:50
ORD-5012,6a8b998dfd7c2559c7e745b6,6a8952047d4f56a68ed3a5f5,1,9590000.0,9590000.0,MOMO,2026-09-18 14:15:50
ORD-5013,6a8b998dfd7c2559c7e745b6,6a894f66be2a5c677d7a3433,2,16390000.0,32780000.0,MOMO,2026-09-11 14:15:50
ORD-5014,6a8be4612dca1c2f6c0207ed,6a8951fd7d4f56a68ed3a5e9,1,52490000.0,52490000.0,VNPAY,2026-09-13 14:15:50
ORD-5015,6a8be4612dca1c2f6c0207ed,6a894f06be2a5c677d7a33b3,1,8490000.0,8490000.0,VNPAY,2026-09-22 14:15:50
ORD-5016,6a8be4612dca1c2f6c0207ee,6a894f66be2a5c677d7a3433,1,16390000.0,16390000.0,BANK_TRANSFER,2026-09-13 14:15:50
ORD-5017,6a8be4612dca1c2f6c0207ee,6a83e189b9c238cc70cce36b,1,8000000.0,8000000.0,BANK_TRANSFER,2026-09-14 14:15:50
ORD-5018,6a8be4612dca1c2f6c0207ee,6a8951ee7d4f56a68ed3a5d2,1,8290000.0,8290000.0,BANK_TRANSFER,2026-09-12 14:15:50
