product_id,sku,title,category,brand,price,sale_price,stock,rating
6a83e189b9c238cc70cce36b,TV-TOSHIBA-43V31MP,Smart Tivi Toshiba 43 inch 43V31MP,Tivi & Màn hình,Toshiba,12000000.0,8000000.0,120,4.8
6a85243c1559a0b67fd7306e,JBL-CHA-005,Loa Bluetooth JBL Charge 5,Thiết bị Âm thanh & Loa,JBL,3000000.0,3000000.0,200,4.8
6a894683d8b6d0f186675b9c,AQT43K800FG,Android Tivi Aqua 43 inch AQT43K800FG,Tivi & Màn hình,Aqua,9700000.0,7590000.0,80,4.8
6a894691d8b6d0f186675bca,A6500K-0,Google Tivi LED Hisense 4K A6500K,Tivi & Màn hình,Hisense,16780000.0,8990000.0,150,4.8
6a894698d8b6d0f186675bf8,AQTS800UX-0,Google Tivi QLED Aqua 4K AQTS800UX,Tivi & Màn hình,Aqua,21290000.0,14190000.0,100,4.8
6a89469ed8b6d0f186675c26,TCL69B-0,Google Tivi QLED TCL 4K TCL69B,Tivi & Màn hình,Hisense,16780000.0,8990000.0,130,4.8
6a8946a4d8b6d0f186675c54,QR-S612XA(WCB),Tủ lạnh Aqua Inverter 550 lít Side By Side QR-S612XA(WCB),Tủ lạnh & Tủ đông,Aqua,48940000.0,32490000.0,90,4.8
6a8946a9d8b6d0f186675c72,NR-TV261APSV,Tủ lạnh Panasonic Inverter 234 lít NR-TV261APSV,Tủ lạnh & Tủ đông,Panasonic,13390000.0,13390000.0,160,4.8
6a8946aed8b6d0f186675c82,RF48A4000B4/SV,Tủ lạnh Samsung Inverter 488 lít Multi Door RF48A4000B4/SV,Tủ lạnh & Tủ đông,Samsung,33940000.0,20490000.0,250,4.8
6a8946b3d8b6d0f186675ca0,SJ-X198V-SL,Tủ lạnh Sharp Inverter 181 lít SJ-X198V-SL,Tủ lạnh & Tủ đông,Sharp,9940000.0,7490000.0,110,4.8
6a894eddbe2a5c677d7a337f,EGAGOOTIVSON4K0005,Google Tivi Sony 4K 43 inch KD-43X77L,Tivi & Màn hình,Sony,19290000.0,19290000.0,50,4.8
6a894ee5be2a5c677d7a338a,EGAGOOTIVTCL4K0006,Google Tivi TCL 4K P635,Tivi & Màn hình,TCL,10290000.0,10290000.0,50,4.8
6a894eeebe2a5c677d7a3395,EGASMANANTIVLG0007,Smart NanoCell Tivi LG 4K NANO76SQA,Tivi & Màn hình,LG,15490000.0,15490000.0,50,4.8
6a894ef6be2a5c677d7a33a0,EGASMATIVSAM4K0008,Smart Tivi Samsung 4K QA75Q65D,Tivi & Màn hình,Samsung,37450000.0,14490000.0,50,4.8
6a894f06be2a5c677d7a33b3,EGABLOATHASON0010,Bộ loa thanh Sony 5.1 HT-S20R,Thiết bị Âm thanh & Loa,Sony,8490000.0,8490000.0,50,4.8
6a894f66be2a5c677d7a3433,EGATLNHTOS0022,Tủ lạnh Toshiba Inverter 409 lít GR-RT535WEA-PMV,Tủ lạnh & Tủ đông,Toshiba,16390000.0,16390000.0,50,4.8
6a894f6fbe2a5c677d7a343e,EGATLNHTOS0023,Tủ lạnh Toshiba Inverter 474 lít Multi Door GR-RF611WI,Tủ lạnh & Tủ đông,Toshiba,22490000.0,22490000.0,50,4.8
6a8951ee7d4f56a68ed3a5d2,EGALOAKARXCH0022,Loa karaoke xách tay Jammy N2070K 350W,Thiết bị Âm thanh & Loa,Jammy,8290000.0,8290000.0,50,4.8
6a8951f67d4f56a68ed3a5de,EGALOAKARXCH0023,Loa karaoke xách tay Sumico BELLA 42 Red 100W,Thiết bị Âm thanh & Loa,Birici,12490000.0,12490000.0,50,4.8
6a8951fd7d4f56a68ed3a5e9,EGALOAKOKAR0024,Loa kéo karaoke Birici NB-6889 1200W,Thiết bị Âm thanh & Loa,Birici,52490000.0,52490000.0,50,4.8
6a8952047d4f56a68ed3a5f5,EGALOAKOKAR0025,Loa kéo karaoke Mobell MK-7080 1000W,Thiết bị Âm thanh & Loa,Mobell,9590000.0,9590000.0,50,4.8
6a89520b7d4f56a68ed3a601,EGALOAKOKAR0026,Loa kéo karaoke Nanomax Pro-9500 3600W,Thiết bị Âm thanh & Loa,Nanomax,32490000.0,32490000.0,50,4.8
6a8952127d4f56a68ed3a60d,EGALOAVITNH0027,Loa vi tính Bluetooth Enkor S2880,Thiết bị Âm thanh & Loa,Enkor,2490000.0,2490000.0,30,4.8
