user_id,product_id,title,predicted_score,rank
4e71e426-5993-4088-993c-1900147798a0,6a894ee5be2a5c677d7a338a,Google Tivi TCL 4K P635,3.0677,1
4e71e426-5993-4088-993c-1900147798a0,6a89520b7d4f56a68ed3a601,Loa kéo karaoke Nanomax Pro-9500 3600W,0.0,2
4e71e426-5993-4088-993c-1900147798a0,6a894683d8b6d0f186675b9c,Android Tivi Aqua 43 inch AQT43K800FG,0.0,3
4e71e426-5993-4088-993c-1900147798a0,6a894f66be2a5c677d7a3433,Tủ lạnh Toshiba Inverter 409 lít GR-RT535WEA-PMV,0.0,4
4e71e426-5993-4088-993c-1900147798a0,6a8951fd7d4f56a68ed3a5e9,Loa kéo karaoke Birici NB-6889 1200W,0.0,5
4e71e426-5993-4088-993c-1900147798a0,6a894698d8b6d0f186675bf8,Google Tivi QLED Aqua 4K AQTS800UX,0.0,6
4e71e426-5993-4088-993c-1900147798a0,6a8951ee7d4f56a68ed3a5d2,Loa karaoke xách tay Jammy N2070K 350W,0.0,7
4e71e426-5993-4088-993c-1900147798a0,6abde17d5b97752f3de79e99,,0.0,8
4e71e426-5993-4088-993c-1900147798a0,6abde255ec905de41af5c3bf,,0.0,9
4e71e426-5993-4088-993c-1900147798a0,6a85243c1559a0b67fd7306e,Loa Bluetooth JBL Charge 5,0.0,10
4e71e426-5993-4088-993c-1900147798a0,6abde1665b97752f3de79c88,,0.0,11
4e71e426-5993-4088-993c-1900147798a0,6abde1775b97752f3de79df5,,0.0,12
4e71e426-5993-4088-993c-1900147798a0,6a894eddbe2a5c677d7a337f,Google Tivi Sony 4K 43 inch KD-43X77L,0.0,13
4e71e426-5993-4088-993c-1900147798a0,6a8946b3d8b6d0f186675ca0,Tủ lạnh Sharp Inverter 181 lít SJ-X198V-SL,0.0,14
4e71e426-5993-4088-993c-1900147798a0,6a8952047d4f56a68ed3a5f5,Loa kéo karaoke Mobell MK-7080 1000W,0.0,15
51eabb10-b61e-4dbe-85de-5bbc0a92ed46,6abde255ec905de41af5c3bf,,5.0997,1
51eabb10-b61e-4dbe-85de-5bbc0a92ed46,6abde1825b97752f3de79f17,,2.8964,2
51eabb10-b61e-4dbe-85de-5bbc0a92ed46,6abde15d5b97752f3de79bb6,,2.7079,3
51eabb10-b61e-4dbe-85de-5bbc0a92ed46,6abde25eec905de41af5c3d2,,0.2622,4
51eabb10-b61e-4dbe-85de-5bbc0a92ed46,6abde1815b97752f3de79ee7,,0.2611,5
51eabb10-b61e-4dbe-85de-5bbc0a92ed46,6a89520b7d4f56a68ed3a601,Loa kéo karaoke Nanomax Pro-9500 3600W,0.0,6
51eabb10-b61e-4dbe-85de-5bbc0a92ed46,6a894683d8b6d0f186675b9c,Android Tivi Aqua 43 inch AQT43K800FG,0.0,7
51eabb10-b61e-4dbe-85de-5bbc0a92ed46,6a894ee5be2a5c677d7a338a,Google Tivi TCL 4K P635,0.0,8
51eabb10-b61e-4dbe-85de-5bbc0a92ed46,6a8951f67d4f56a68ed3a5de,Loa karaoke xách tay Sumico BELLA 42 Red 100W,0.0,9
51eabb10-b61e-4dbe-85de-5bbc0a92ed46,6a85243c1559a0b67fd7306e,Loa Bluetooth JBL Charge 5,0.0,10
51eabb10-b61e-4dbe-85de-5bbc0a92ed46,6abde25dec905de41af5c3d0,,0.0,11
51eabb10-b61e-4dbe-85de-5bbc0a92ed46,6abde17d5b97752f3de79e99,,0.0,12
51eabb10-b61e-4dbe-85de-5bbc0a92ed46,6a8946a4d8b6d0f186675c54,Tủ lạnh Aqua Inverter 550 lít Side By Side QR-S612XA(WCB),0.0,13
51eabb10-b61e-4dbe-85de-5bbc0a92ed46,6abde1775b97752f3de79df5,,0.0,14
51eabb10-b61e-4dbe-85de-5bbc0a92ed46,6a89469ed8b6d0f186675c26,Google Tivi QLED TCL 4K TCL69B,0.0,15
6a826e965e28a8faa31803ec,6abde255ec905de41af5c3bf,,2.6459,1
6a826e965e28a8faa31803ec,6a8946a9d8b6d0f186675c72,Tủ lạnh Panasonic Inverter 234 lít NR-TV261APSV,2.1539,2
6a826e965e28a8faa31803ec,6a894eeebe2a5c677d7a3395,Smart NanoCell Tivi LG 4K NANO76SQA,0.4614,3
6a826e965e28a8faa31803ec,6a8951fd7d4f56a68ed3a5e9,Loa kéo karaoke Birici NB-6889 1200W,0.1682,4
6a826e965e28a8faa31803ec,6a8946b3d8b6d0f186675ca0,Tủ lạnh Sharp Inverter 181 lít SJ-X198V-SL,0.103,5
6a826e965e28a8faa31803ec,6a894ee5be2a5c677d7a338a,Google Tivi TCL 4K P635,0.0,6
6a826e965e28a8faa31803ec,6a8946a4d8b6d0f186675c54,Tủ lạnh Aqua Inverter 550 lít Side By Side QR-S612XA(WCB),0.0,7
6a826e965e28a8faa31803ec,6abde25dec905de41af5c3d0,,0.0,8
6a826e965e28a8faa31803ec,6a83e189b9c238cc70cce36b,Smart Tivi Toshiba 43 inch 43V31MP,0.0,9
6a826e965e28a8faa31803ec,6abde17d5b97752f3de79e99,,0.0,10
6a826e965e28a8faa31803ec,6abde1775b97752f3de79df5,,0.0,11
6a826e965e28a8faa31803ec,6a8952127d4f56a68ed3a60d,Loa vi tính Bluetooth Enkor S2880,0.0,12
6a826e965e28a8faa31803ec,6abde1665b97752f3de79c88,,0.0,13
6a826e965e28a8faa31803ec,6a894f6fbe2a5c677d7a343e,Tủ lạnh Toshiba Inverter 474 lít Multi Door GR-RF611WI,0.0,14
6a826e965e28a8faa31803ec,6abde1865b97752f3de79f66,,0.0,15
6a826ef0f5105f0b4d509b56,6a85243c1559a0b67fd7306e,Loa Bluetooth JBL Charge 5,0.6205,1
6a826ef0f5105f0b4d509b56,6a8951f67d4f56a68ed3a5de,Loa karaoke xách tay Sumico BELLA 42 Red 100W,0.2884,2
6a826ef0f5105f0b4d509b56,6a8946b3d8b6d0f186675ca0,Tủ lạnh Sharp Inverter 181 lít SJ-X198V-SL,0.0,3
6a826ef0f5105f0b4d509b56,6a894f66be2a5c677d7a3433,Tủ lạnh Toshiba Inverter 409 lít GR-RT535WEA-PMV,0.0,4
6a826ef0f5105f0b4d509b56,6a89520b7d4f56a68ed3a601,Loa kéo karaoke Nanomax Pro-9500 3600W,0.0,5
6a826ef0f5105f0b4d509b56,6a8951ee7d4f56a68ed3a5d2,Loa karaoke xách tay Jammy N2070K 350W,0.0,6
6a826ef0f5105f0b4d509b56,6a894683d8b6d0f186675b9c,Android Tivi Aqua 43 inch AQT43K800FG,0.0,7
6a826ef0f5105f0b4d509b56,6a894f06be2a5c677d7a33b3,Bộ loa thanh Sony 5.1 HT-S20R,0.0,8
6a826ef0f5105f0b4d509b56,6a894698d8b6d0f186675bf8,Google Tivi QLED Aqua 4K AQTS800UX,0.0,9
6a826ef0f5105f0b4d509b56,6abde1815b97752f3de79ee7,,0.0,10
6a826ef0f5105f0b4d509b56,6a894691d8b6d0f186675bca,Google Tivi LED Hisense 4K A6500K,0.0,11
6a826ef0f5105f0b4d509b56,6abde25eec905de41af5c3d2,,0.0,12
6a826ef0f5105f0b4d509b56,6abde1825b97752f3de79f17,,0.0,13
6a826ef0f5105f0b4d509b56,6abde1825b97752f3de79f0d,,0.0,14
6a826ef0f5105f0b4d509b56,6abde1865b97752f3de79f66,,0.0,15
6a8275054f2c31cd59ca7824,6a8951fd7d4f56a68ed3a5e9,Loa kéo karaoke Birici NB-6889 1200W,1.3611,1
6a8275054f2c31cd59ca7824,6a8946a4d8b6d0f186675c54,Tủ lạnh Aqua Inverter 550 lít Side By Side QR-S612XA(WCB),1.1473,2
6a8275054f2c31cd59ca7824,6a894eeebe2a5c677d7a3395,Smart NanoCell Tivi LG 4K NANO76SQA,0.6901,3
6a8275054f2c31cd59ca7824,6a89469ed8b6d0f186675c26,Google Tivi QLED TCL 4K TCL69B,0.549,4
6a8275054f2c31cd59ca7824,6a894f66be2a5c677d7a3433,Tủ lạnh Toshiba Inverter 409 lít GR-RT535WEA-PMV,0.0,5
6a8275054f2c31cd59ca7824,6a8951ee7d4f56a68ed3a5d2,Loa karaoke xách tay Jammy N2070K 350W,0.0,6
6a8275054f2c31cd59ca7824,6a89520b7d4f56a68ed3a601,Loa kéo karaoke Nanomax Pro-9500 3600W,0.0,7
6a8275054f2c31cd59ca7824,6abde255ec905de41af5c3bf,,0.0,8
6a8275054f2c31cd59ca7824,6a8946b3d8b6d0f186675ca0,Tủ lạnh Sharp Inverter 181 lít SJ-X198V-SL,0.0,9
6a8275054f2c31cd59ca7824,6a894691d8b6d0f186675bca,Google Tivi LED Hisense 4K A6500K,0.0,10
6a8275054f2c31cd59ca7824,6abde17d5b97752f3de79e99,,0.0,11
6a8275054f2c31cd59ca7824,6a85243c1559a0b67fd7306e,Loa Bluetooth JBL Charge 5,0.0,12
6a8275054f2c31cd59ca7824,6a8952047d4f56a68ed3a5f5,Loa kéo karaoke Mobell MK-7080 1000W,0.0,13
6a8275054f2c31cd59ca7824,6abde1775b97752f3de79df5,,0.0,14
6a8275054f2c31cd59ca7824,6abde1825b97752f3de79f0d,,0.0,15
6a82f80be94f6bbbad32cc4c,6a8952127d4f56a68ed3a60d,Loa vi tính Bluetooth Enkor S2880,1.0744,1
6a82f80be94f6bbbad32cc4c,6a8951fd7d4f56a68ed3a5e9,Loa kéo karaoke Birici NB-6889 1200W,0.9516,2
6a82f80be94f6bbbad32cc4c,6a83e189b9c238cc70cce36b,Smart Tivi Toshiba 43 inch 43V31MP,0.0,3
6a82f80be94f6bbbad32cc4c,6a894ee5be2a5c677d7a338a,Google Tivi TCL 4K P635,0.0,4
6a82f80be94f6bbbad32cc4c,6a894683d8b6d0f186675b9c,Android Tivi Aqua 43 inch AQT43K800FG,0.0,5
6a82f80be94f6bbbad32cc4c,6a8946a9d8b6d0f186675c72,Tủ lạnh Panasonic Inverter 234 lít NR-TV261APSV,0.0,6
6a82f80be94f6bbbad32cc4c,6a8951f67d4f56a68ed3a5de,Loa karaoke xách tay Sumico BELLA 42 Red 100W,0.0,7
6a82f80be94f6bbbad32cc4c,6a894ef6be2a5c677d7a33a0,Smart Tivi Samsung 4K QA75Q65D,0.0,8
6a82f80be94f6bbbad32cc4c,6a8946a4d8b6d0f186675c54,Tủ lạnh Aqua Inverter 550 lít Side By Side QR-S612XA(WCB),0.0,9
6a82f80be94f6bbbad32cc4c,6a89469ed8b6d0f186675c26,Google Tivi QLED TCL 4K TCL69B,0.0,10
6a82f80be94f6bbbad32cc4c,6a894698d8b6d0f186675bf8,Google Tivi QLED Aqua 4K AQTS800UX,0.0,11
6a82f80be94f6bbbad32cc4c,6abde17d5b97752f3de79e99,,0.0,12
6a82f80be94f6bbbad32cc4c,6abde25dec905de41af5c3d0,,0.0,13
6a82f80be94f6bbbad32cc4c,6a894eddbe2a5c677d7a337f,Google Tivi Sony 4K 43 inch KD-43X77L,0.0,14
6a82f80be94f6bbbad32cc4c,6a894f06be2a5c677d7a33b3,Bộ loa thanh Sony 5.1 HT-S20R,0.0,15
6a8690433765b9fb51bf832f,6a89520b7d4f56a68ed3a601,Loa kéo karaoke Nanomax Pro-9500 3600W,1.632,1
6a8690433765b9fb51bf832f,6a85243c1559a0b67fd7306e,Loa Bluetooth JBL Charge 5,0.6156,2
6a8690433765b9fb51bf832f,6a894f66be2a5c677d7a3433,Tủ lạnh Toshiba Inverter 409 lít GR-RT535WEA-PMV,0.0,3
6a8690433765b9fb51bf832f,6a894698d8b6d0f186675bf8,Google Tivi QLED Aqua 4K AQTS800UX,0.0,4
6a8690433765b9fb51bf832f,6a8951ee7d4f56a68ed3a5d2,Loa karaoke xách tay Jammy N2070K 350W,0.0,5
6a8690433765b9fb51bf832f,6a894691d8b6d0f186675bca,Google Tivi LED Hisense 4K A6500K,0.0,6
6a8690433765b9fb51bf832f,6a8946aed8b6d0f186675c82,Tủ lạnh Samsung Inverter 488 lít Multi Door RF48A4000B4/SV,0.0,7
6a8690433765b9fb51bf832f,6abde25eec905de41af5c3d2,,0.0,8
6a8690433765b9fb51bf832f,6abde255ec905de41af5c3bf,,0.0,9
6a8690433765b9fb51bf832f,6abde1815b97752f3de79ee7,,0.0,10
6a8690433765b9fb51bf832f,6a894ee5be2a5c677d7a338a,Google Tivi TCL 4K P635,0.0,11
6a8690433765b9fb51bf832f,6a894f6fbe2a5c677d7a343e,Tủ lạnh Toshiba Inverter 474 lít Multi Door GR-RF611WI,0.0,12
6a8690433765b9fb51bf832f,6abde15c5b97752f3de79ba6,,0.0,13
6a8690433765b9fb51bf832f,6abde1675b97752f3de79c93,,0.0,14
6a8690433765b9fb51bf832f,6abde17b5b97752f3de79e65,,0.0,15
6a87077103c8018865bf6ee3,6a894698d8b6d0f186675bf8,Google Tivi QLED Aqua 4K AQTS800UX,1.0487,1
6a87077103c8018865bf6ee3,6a8951ee7d4f56a68ed3a5d2,Loa karaoke xách tay Jammy N2070K 350W,0.8066,2
6a87077103c8018865bf6ee3,6a85243c1559a0b67fd7306e,Loa Bluetooth JBL Charge 5,0.5662,3
6a87077103c8018865bf6ee3,6a83e189b9c238cc70cce36b,Smart Tivi Toshiba 43 inch 43V31MP,0.0,4
6a87077103c8018865bf6ee3,6a894ee5be2a5c677d7a338a,Google Tivi TCL 4K P635,0.0,5
6a87077103c8018865bf6ee3,6a8946a4d8b6d0f186675c54,Tủ lạnh Aqua Inverter 550 lít Side By Side QR-S612XA(WCB),0.0,6
6a87077103c8018865bf6ee3,6a894ef6be2a5c677d7a33a0,Smart Tivi Samsung 4K QA75Q65D,0.0,7
6a87077103c8018865bf6ee3,6a89469ed8b6d0f186675c26,Google Tivi QLED TCL 4K TCL69B,0.0,8
6a87077103c8018865bf6ee3,6a894683d8b6d0f186675b9c,Android Tivi Aqua 43 inch AQT43K800FG,0.0,9
6a87077103c8018865bf6ee3,6a894691d8b6d0f186675bca,Google Tivi LED Hisense 4K A6500K,0.0,10
6a87077103c8018865bf6ee3,6abde25dec905de41af5c3d0,,0.0,11
6a87077103c8018865bf6ee3,6a8951f67d4f56a68ed3a5de,Loa karaoke xách tay Sumico BELLA 42 Red 100W,0.0,12
6a87077103c8018865bf6ee3,6abde17d5b97752f3de79e99,,0.0,13
6a87077103c8018865bf6ee3,6a894eddbe2a5c677d7a337f,Google Tivi Sony 4K 43 inch KD-43X77L,0.0,14
6a87077103c8018865bf6ee3,6abde25eec905de41af5c3d2,,0.0,15
6a8708a503c8018865bf6ee4,6a894698d8b6d0f186675bf8,Google Tivi QLED Aqua 4K AQTS800UX,1.77,1
6a8708a503c8018865bf6ee4,6a8946a4d8b6d0f186675c54,Tủ lạnh Aqua Inverter 550 lít Side By Side QR-S612XA(WCB),0.0,2
6a8708a503c8018865bf6ee4,6abde255ec905de41af5c3bf,,0.0,3
6a8708a503c8018865bf6ee4,6abde15d5b97752f3de79bb6,,0.0,4
6a8708a503c8018865bf6ee4,6abde1825b97752f3de79f17,,0.0,5
6a8708a503c8018865bf6ee4,6a85243c1559a0b67fd7306e,Loa Bluetooth JBL Charge 5,0.0,6
6a8708a503c8018865bf6ee4,6a894ee5be2a5c677d7a338a,Google Tivi TCL 4K P635,0.0,7
6a8708a503c8018865bf6ee4,6abde1825b97752f3de79f0d,,0.0,8
6a8708a503c8018865bf6ee4,6abde17d5b97752f3de79e99,,0.0,9
6a8708a503c8018865bf6ee4,6a8951fd7d4f56a68ed3a5e9,Loa kéo karaoke Birici NB-6889 1200W,0.0,10
6a8708a503c8018865bf6ee4,6abde1775b97752f3de79df5,,0.0,11
6a8708a503c8018865bf6ee4,6a8946a9d8b6d0f186675c72,Tủ lạnh Panasonic Inverter 234 lít NR-TV261APSV,0.0,12
6a8708a503c8018865bf6ee4,6abde25dec905de41af5c3d0,,0.0,13
6a8708a503c8018865bf6ee4,6abde1665b97752f3de79c88,,0.0,14
6a8708a503c8018865bf6ee4,6abde15e5b97752f3de79bcf,,0.0,15
6a8b998dfd7c2559c7e745b6,6a894ee5be2a5c677d7a338a,Google Tivi TCL 4K P635,11.8697,1
6a8b998dfd7c2559c7e745b6,6abde25dec905de41af5c3d0,,8.6573,2
6a8b998dfd7c2559c7e745b6,6abde17d5b97752f3de79e99,,5.6541,3
6a8b998dfd7c2559c7e745b6,6abde1775b97752f3de79df5,,3.7207,4
6a8b998dfd7c2559c7e745b6,6abde1665b97752f3de79c88,,3.1026,5
6a8b998dfd7c2559c7e745b6,6a894f66be2a5c677d7a3433,Tủ lạnh Toshiba Inverter 409 lít GR-RT535WEA-PMV,3.1026,6
6a8b998dfd7c2559c7e745b6,6a8946a9d8b6d0f186675c72,Tủ lạnh Panasonic Inverter 234 lít NR-TV261APSV,2.5007,7
6a8b998dfd7c2559c7e745b6,6a894eeebe2a5c677d7a3395,Smart NanoCell Tivi LG 4K NANO76SQA,2.4206,8
6a8b998dfd7c2559c7e745b6,6a894683d8b6d0f186675b9c,Android Tivi Aqua 43 inch AQT43K800FG,1.9612,9
6a8b998dfd7c2559c7e745b6,6abde1825b97752f3de79f0d,,1.8779,10
6a8b998dfd7c2559c7e745b6,6a8952127d4f56a68ed3a60d,Loa vi tính Bluetooth Enkor S2880,1.7987,11
6a8b998dfd7c2559c7e745b6,6a8951fd7d4f56a68ed3a5e9,Loa kéo karaoke Birici NB-6889 1200W,1.6769,12
6a8b998dfd7c2559c7e745b6,6abde15e5b97752f3de79bcf,,1.6475,13
6a8b998dfd7c2559c7e745b6,6a8951ee7d4f56a68ed3a5d2,Loa karaoke xách tay Jammy N2070K 350W,1.6359,14
6a8b998dfd7c2559c7e745b6,6abde1835b97752f3de79f2c,,1.1991,15
6a8be4612dca1c2f6c0207ed,6a894691d8b6d0f186675bca,Google Tivi LED Hisense 4K A6500K,1.4794,1
6a8be4612dca1c2f6c0207ed,6a8951ee7d4f56a68ed3a5d2,Loa karaoke xách tay Jammy N2070K 350W,0.2874,2
6a8be4612dca1c2f6c0207ed,6abde25eec905de41af5c3d2,,0.0,3
6a8be4612dca1c2f6c0207ed,6a8946aed8b6d0f186675c82,Tủ lạnh Samsung Inverter 488 lít Multi Door RF48A4000B4/SV,0.0,4
6a8be4612dca1c2f6c0207ed,6abde1815b97752f3de79ee7,,0.0,5
6a8be4612dca1c2f6c0207ed,6a894ee5be2a5c677d7a338a,Google Tivi TCL 4K P635,0.0,6
6a8be4612dca1c2f6c0207ed,6a894ef6be2a5c677d7a33a0,Smart Tivi Samsung 4K QA75Q65D,0.0,7
6a8be4612dca1c2f6c0207ed,6a894f66be2a5c677d7a3433,Tủ lạnh Toshiba Inverter 409 lít GR-RT535WEA-PMV,0.0,8
6a8be4612dca1c2f6c0207ed,6a85243c1559a0b67fd7306e,Loa Bluetooth JBL Charge 5,0.0,9
6a8be4612dca1c2f6c0207ed,6abde15c5b97752f3de79ba6,,0.0,10
6a8be4612dca1c2f6c0207ed,6a8952127d4f56a68ed3a60d,Loa vi tính Bluetooth Enkor S2880,0.0,11
6a8be4612dca1c2f6c0207ed,6abde1675b97752f3de79c93,,0.0,12
6a8be4612dca1c2f6c0207ed,6abde17b5b97752f3de79e65,,0.0,13
6a8be4612dca1c2f6c0207ed,6a83e189b9c238cc70cce36b,Smart Tivi Toshiba 43 inch 43V31MP,0.0,14
6a8be4612dca1c2f6c0207ed,6a8946a4d8b6d0f186675c54,Tủ lạnh Aqua Inverter 550 lít Side By Side QR-S612XA(WCB),0.0,15
6a8be4612dca1c2f6c0207ee,6a894ee5be2a5c677d7a338a,Google Tivi TCL 4K P635,1.3626,1
6a8be4612dca1c2f6c0207ee,6a8946b3d8b6d0f186675ca0,Tủ lạnh Sharp Inverter 181 lít SJ-X198V-SL,1.2681,2
6a8be4612dca1c2f6c0207ee,6a85243c1559a0b67fd7306e,Loa Bluetooth JBL Charge 5,0.4872,3
6a8be4612dca1c2f6c0207ee,6a83e189b9c238cc70cce36b,Smart Tivi Toshiba 43 inch 43V31MP,0.4206,4
6a8be4612dca1c2f6c0207ee,6abde255ec905de41af5c3bf,,0.0,5
6a8be4612dca1c2f6c0207ee,6a894683d8b6d0f186675b9c,Android Tivi Aqua 43 inch AQT43K800FG,0.0,6
6a8be4612dca1c2f6c0207ee,6a894f66be2a5c677d7a3433,Tủ lạnh Toshiba Inverter 409 lít GR-RT535WEA-PMV,0.0,7
6a8be4612dca1c2f6c0207ee,6a89520b7d4f56a68ed3a601,Loa kéo karaoke Nanomax Pro-9500 3600W,0.0,8
6a8be4612dca1c2f6c0207ee,6a894f06be2a5c677d7a33b3,Bộ loa thanh Sony 5.1 HT-S20R,0.0,9
6a8be4612dca1c2f6c0207ee,6abde1825b97752f3de79f0d,,0.0,10
6a8be4612dca1c2f6c0207ee,6a8951fd7d4f56a68ed3a5e9,Loa kéo karaoke Birici NB-6889 1200W,0.0,11
6a8be4612dca1c2f6c0207ee,6abde1825b97752f3de79f17,,0.0,12
6a8be4612dca1c2f6c0207ee,6a8951ee7d4f56a68ed3a5d2,Loa karaoke xách tay Jammy N2070K 350W,0.0,13
6a8be4612dca1c2f6c0207ee,6abde15d5b97752f3de79bb6,,0.0,14
6a8be4612dca1c2f6c0207ee,6a894eeebe2a5c677d7a3395,Smart NanoCell Tivi LG 4K NANO76SQA,0.0,15
6a8be4612dca1c2f6c0207ef,6a8951f67d4f56a68ed3a5de,Loa karaoke xách tay Sumico BELLA 42 Red 100W,1.0745,1
6a8be4612dca1c2f6c0207ef,6a8946a9d8b6d0f186675c72,Tủ lạnh Panasonic Inverter 234 lít NR-TV261APSV,0.8384,2
6a8be4612dca1c2f6c0207ef,6a89469ed8b6d0f186675c26,Google Tivi QLED TCL 4K TCL69B,0.5201,3
6a8be4612dca1c2f6c0207ef,6a85243c1559a0b67fd7306e,Loa Bluetooth JBL Charge 5,0.2891,4
6a8be4612dca1c2f6c0207ef,6a894f06be2a5c677d7a33b3,Bộ loa thanh Sony 5.1 HT-S20R,0.2771,5
6a8be4612dca1c2f6c0207ef,6a894f66be2a5c677d7a3433,Tủ lạnh Toshiba Inverter 409 lít GR-RT535WEA-PMV,0.0,6
6a8be4612dca1c2f6c0207ef,6a89520b7d4f56a68ed3a601,Loa kéo karaoke Nanomax Pro-9500 3600W,0.0,7
6a8be4612dca1c2f6c0207ef,6a8951ee7d4f56a68ed3a5d2,Loa karaoke xách tay Jammy N2070K 350W,0.0,8
6a8be4612dca1c2f6c0207ef,6abde17d5b97752f3de79e99,,0.0,9
6a8be4612dca1c2f6c0207ef,6abde25dec905de41af5c3d0,,0.0,10
6a8be4612dca1c2f6c0207ef,6a894683d8b6d0f186675b9c,Android Tivi Aqua 43 inch AQT43K800FG,0.0,11
6a8be4612dca1c2f6c0207ef,6abde1775b97752f3de79df5,,0.0,12
6a8be4612dca1c2f6c0207ef,6abde1665b97752f3de79c88,,0.0,13
6a8be4612dca1c2f6c0207ef,6a8946b3d8b6d0f186675ca0,Tủ lạnh Sharp Inverter 181 lít SJ-X198V-SL,0.0,14
6a8be4612dca1c2f6c0207ef,6abde1825b97752f3de79f0d,,0.0,15
6a8be4622dca1c2f6c0207f0,6a8951fd7d4f56a68ed3a5e9,Loa kéo karaoke Birici NB-6889 1200W,1.1227,1
6a8be4622dca1c2f6c0207f0,6a894f06be2a5c677d7a33b3,Bộ loa thanh Sony 5.1 HT-S20R,0.0,2
6a8be4622dca1c2f6c0207f0,6a8946aed8b6d0f186675c82,Tủ lạnh Samsung Inverter 488 lít Multi Door RF48A4000B4/SV,0.0,3
6a8be4622dca1c2f6c0207f0,6a83e189b9c238cc70cce36b,Smart Tivi Toshiba 43 inch 43V31MP,0.0,4
6a8be4622dca1c2f6c0207f0,6a8951f67d4f56a68ed3a5de,Loa karaoke xách tay Sumico BELLA 42 Red 100W,0.0,5
6a8be4622dca1c2f6c0207f0,6a8946a4d8b6d0f186675c54,Tủ lạnh Aqua Inverter 550 lít Side By Side QR-S612XA(WCB),0.0,6
6a8be4622dca1c2f6c0207f0,6a894691d8b6d0f186675bca,Google Tivi LED Hisense 4K A6500K,0.0,7
6a8be4622dca1c2f6c0207f0,6abde1825b97752f3de79f0d,,0.0,8
6a8be4622dca1c2f6c0207f0,6a894ee5be2a5c677d7a338a,Google Tivi TCL 4K P635,0.0,9
6a8be4622dca1c2f6c0207f0,6a894683d8b6d0f186675b9c,Android Tivi Aqua 43 inch AQT43K800FG,0.0,10
6a8be4622dca1c2f6c0207f0,6abde17d5b97752f3de79e99,,0.0,11
6a8be4622dca1c2f6c0207f0,6a894ef6be2a5c677d7a33a0,Smart Tivi Samsung 4K QA75Q65D,0.0,12
6a8be4622dca1c2f6c0207f0,6a85243c1559a0b67fd7306e,Loa Bluetooth JBL Charge 5,0.0,13
6a8be4622dca1c2f6c0207f0,6a8946a9d8b6d0f186675c72,Tủ lạnh Panasonic Inverter 234 lít NR-TV261APSV,0.0,14
6a8be4622dca1c2f6c0207f0,6abde1775b97752f3de79df5,,0.0,15
6a8be4622dca1c2f6c0207f1,6a894691d8b6d0f186675bca,Google Tivi LED Hisense 4K A6500K,0.827,1
6a8be4622dca1c2f6c0207f1,6a8951f67d4f56a68ed3a5de,Loa karaoke xách tay Sumico BELLA 42 Red 100W,0.7257,2
6a8be4622dca1c2f6c0207f1,6a83e189b9c238cc70cce36b,Smart Tivi Toshiba 43 inch 43V31MP,0.65,3
6a8be4622dca1c2f6c0207f1,6a8952047d4f56a68ed3a5f5,Loa kéo karaoke Mobell MK-7080 1000W,0.5091,4
6a8be4622dca1c2f6c0207f1,6a8951fd7d4f56a68ed3a5e9,Loa kéo karaoke Birici NB-6889 1200W,0.0,5
6a8be4622dca1c2f6c0207f1,6a894ee5be2a5c677d7a338a,Google Tivi TCL 4K P635,0.0,6
6a8be4622dca1c2f6c0207f1,6a8946aed8b6d0f186675c82,Tủ lạnh Samsung Inverter 488 lít Multi Door RF48A4000B4/SV,0.0,7
6a8be4622dca1c2f6c0207f1,6abde1825b97752f3de79f0d,,0.0,8
6a8be4622dca1c2f6c0207f1,6abde17d5b97752f3de79e99,,0.0,9
6a8be4622dca1c2f6c0207f1,6a894eeebe2a5c677d7a3395,Smart NanoCell Tivi LG 4K NANO76SQA,0.0,10
6a8be4622dca1c2f6c0207f1,6abde1775b97752f3de79df5,,0.0,11
6a8be4622dca1c2f6c0207f1,6abde25dec905de41af5c3d0,,0.0,12
6a8be4622dca1c2f6c0207f1,6abde1665b97752f3de79c88,,0.0,13
6a8be4622dca1c2f6c0207f1,6abde1865b97752f3de79f66,,0.0,14
6a8be4622dca1c2f6c0207f1,6abde1835b97752f3de79f2c,,0.0,15
6ab13c1c5c939fc43f4b9969,6a894eeebe2a5c677d7a3395,Smart NanoCell Tivi LG 4K NANO76SQA,0.6341,1
6ab13c1c5c939fc43f4b9969,6a894683d8b6d0f186675b9c,Android Tivi Aqua 43 inch AQT43K800FG,0.6026,2
6ab13c1c5c939fc43f4b9969,6a85243c1559a0b67fd7306e,Loa Bluetooth JBL Charge 5,0.5492,3
6ab13c1c5c939fc43f4b9969,6a894eddbe2a5c677d7a337f,Google Tivi Sony 4K 43 inch KD-43X77L,0.547,4
6ab13c1c5c939fc43f4b9969,6a8946a4d8b6d0f186675c54,Tủ lạnh Aqua Inverter 550 lít Side By Side QR-S612XA(WCB),0.0,5
6ab13c1c5c939fc43f4b9969,6a894f66be2a5c677d7a3433,Tủ lạnh Toshiba Inverter 409 lít GR-RT535WEA-PMV,0.0,6
6ab13c1c5c939fc43f4b9969,6abde17d5b97752f3de79e99,,0.0,7
6ab13c1c5c939fc43f4b9969,6a8946a9d8b6d0f186675c72,Tủ lạnh Panasonic Inverter 234 lít NR-TV261APSV,0.0,8
6ab13c1c5c939fc43f4b9969,6abde1825b97752f3de79f0d,,0.0,9
6ab13c1c5c939fc43f4b9969,6a8951fd7d4f56a68ed3a5e9,Loa kéo karaoke Birici NB-6889 1200W,0.0,10
6ab13c1c5c939fc43f4b9969,6abde1775b97752f3de79df5,,0.0,11
6ab13c1c5c939fc43f4b9969,6a8951f67d4f56a68ed3a5de,Loa karaoke xách tay Sumico BELLA 42 Red 100W,0.0,12
6ab13c1c5c939fc43f4b9969,6abde1665b97752f3de79c88,,0.0,13
6ab13c1c5c939fc43f4b9969,6abde15d5b97752f3de79bb6,,0.0,14
6ab13c1c5c939fc43f4b9969,6abde15e5b97752f3de79bcf,,0.0,15
6ab4aa22a8961acf923ff384,6a8951fd7d4f56a68ed3a5e9,Loa kéo karaoke Birici NB-6889 1200W,1.5596,1
6ab4aa22a8961acf923ff384,6a894f06be2a5c677d7a33b3,Bộ loa thanh Sony 5.1 HT-S20R,0.3682,2
6ab4aa22a8961acf923ff384,6a894f66be2a5c677d7a3433,Tủ lạnh Toshiba Inverter 409 lít GR-RT535WEA-PMV,0.0,3
6ab4aa22a8961acf923ff384,6a8951ee7d4f56a68ed3a5d2,Loa karaoke xách tay Jammy N2070K 350W,0.0,4
6ab4aa22a8961acf923ff384,6abde1815b97752f3de79ee7,,0.0,5
6ab4aa22a8961acf923ff384,6a894691d8b6d0f186675bca,Google Tivi LED Hisense 4K A6500K,0.0,6
6ab4aa22a8961acf923ff384,6abde25eec905de41af5c3d2,,0.0,7
6ab4aa22a8961acf923ff384,6a8946b3d8b6d0f186675ca0,Tủ lạnh Sharp Inverter 181 lít SJ-X198V-SL,0.0,8
6ab4aa22a8961acf923ff384,6a894698d8b6d0f186675bf8,Google Tivi QLED Aqua 4K AQTS800UX,0.0,9
6ab4aa22a8961acf923ff384,6abde1825b97752f3de79f0d,,0.0,10
6ab4aa22a8961acf923ff384,6a89520b7d4f56a68ed3a601,Loa kéo karaoke Nanomax Pro-9500 3600W,0.0,11
6ab4aa22a8961acf923ff384,6abde1865b97752f3de79f66,,0.0,12
6ab4aa22a8961acf923ff384,6abde1825b97752f3de79f17,,0.0,13
6ab4aa22a8961acf923ff384,6a894f6fbe2a5c677d7a343e,Tủ lạnh Toshiba Inverter 474 lít Multi Door GR-RF611WI,0.0,14
6ab4aa22a8961acf923ff384,6a894ef6be2a5c677d7a33a0,Smart Tivi Samsung 4K QA75Q65D,0.0,15
6aba370f97f0f4c0c456f684,6a894eeebe2a5c677d7a3395,Smart NanoCell Tivi LG 4K NANO76SQA,20.9911,1
6aba370f97f0f4c0c456f684,6a894ee5be2a5c677d7a338a,Google Tivi TCL 4K P635,10.3214,2
6aba370f97f0f4c0c456f684,6abde25eec905de41af5c3d2,,7.1612,3
6aba370f97f0f4c0c456f684,6abde1815b97752f3de79ee7,,6.5804,4
6aba370f97f0f4c0c456f684,6abde25dec905de41af5c3d0,,5.0953,5
6aba370f97f0f4c0c456f684,6a89469ed8b6d0f186675c26,Google Tivi QLED TCL 4K TCL69B,3.3536,6
6aba370f97f0f4c0c456f684,6a8952127d4f56a68ed3a60d,Loa vi tính Bluetooth Enkor S2880,2.7087,7
6aba370f97f0f4c0c456f684,6abde1825b97752f3de79f17,,2.1943,8
6aba370f97f0f4c0c456f684,6abde17b5b97752f3de79e65,,2.0055,9
6aba370f97f0f4c0c456f684,6abde15c5b97752f3de79ba6,,2.0053,10
6aba370f97f0f4c0c456f684,6abde1675b97752f3de79c93,,1.5705,11
6aba370f97f0f4c0c456f684,6a894f6fbe2a5c677d7a343e,Tủ lạnh Toshiba Inverter 474 lít Multi Door GR-RF611WI,1.4076,12
6aba370f97f0f4c0c456f684,6a8946aed8b6d0f186675c82,Tủ lạnh Samsung Inverter 488 lít Multi Door RF48A4000B4/SV,1.3971,13
6aba370f97f0f4c0c456f684,6abde25bec905de41af5c3cc,,0.9377,14
6aba370f97f0f4c0c456f684,6abde25cec905de41af5c3cd,,0.9333,15
6ac457348ac28e932df92883,6abde1825b97752f3de79f0d,,2.9294,1
6ac457348ac28e932df92883,6abde1825b97752f3de79f17,,1.4632,2
6ac457348ac28e932df92883,6abde1815b97752f3de79ee7,,1.4627,3
6ac457348ac28e932df92883,6abde1865b97752f3de79f66,,0.4283,4
6ac457348ac28e932df92883,6a894f6fbe2a5c677d7a343e,Tủ lạnh Toshiba Inverter 474 lít Multi Door GR-RF611WI,0.1182,5
6ac457348ac28e932df92883,6a8951fd7d4f56a68ed3a5e9,Loa kéo karaoke Birici NB-6889 1200W,0.0,6
6ac457348ac28e932df92883,6a8946b3d8b6d0f186675ca0,Tủ lạnh Sharp Inverter 181 lít SJ-X198V-SL,0.0,7
6ac457348ac28e932df92883,6a894683d8b6d0f186675b9c,Android Tivi Aqua 43 inch AQT43K800FG,0.0,8
6ac457348ac28e932df92883,6abde25dec905de41af5c3d0,,0.0,9
6ac457348ac28e932df92883,6a8946aed8b6d0f186675c82,Tủ lạnh Samsung Inverter 488 lít Multi Door RF48A4000B4/SV,0.0,10
6ac457348ac28e932df92883,6abde17d5b97752f3de79e99,,0.0,11
6ac457348ac28e932df92883,6a8951f67d4f56a68ed3a5de,Loa karaoke xách tay Sumico BELLA 42 Red 100W,0.0,12
6ac457348ac28e932df92883,6a85243c1559a0b67fd7306e,Loa Bluetooth JBL Charge 5,0.0,13
6ac457348ac28e932df92883,6abde1775b97752f3de79df5,,0.0,14
6ac457348ac28e932df92883,6abde1665b97752f3de79c88,,0.0,15
e025139c-8d65-40c8-bb01-2e8b961245f3,6abde255ec905de41af5c3bf,,0.2834,1
e025139c-8d65-40c8-bb01-2e8b961245f3,6a89520b7d4f56a68ed3a601,Loa kéo karaoke Nanomax Pro-9500 3600W,0.0,2
e025139c-8d65-40c8-bb01-2e8b961245f3,6a894f06be2a5c677d7a33b3,Bộ loa thanh Sony 5.1 HT-S20R,0.0,3
e025139c-8d65-40c8-bb01-2e8b961245f3,6a83e189b9c238cc70cce36b,Smart Tivi Toshiba 43 inch 43V31MP,0.0,4
e025139c-8d65-40c8-bb01-2e8b961245f3,6a8946a4d8b6d0f186675c54,Tủ lạnh Aqua Inverter 550 lít Side By Side QR-S612XA(WCB),0.0,5
e025139c-8d65-40c8-bb01-2e8b961245f3,6a894ef6be2a5c677d7a33a0,Smart Tivi Samsung 4K QA75Q65D,0.0,6
e025139c-8d65-40c8-bb01-2e8b961245f3,6a8952127d4f56a68ed3a60d,Loa vi tính Bluetooth Enkor S2880,0.0,7
e025139c-8d65-40c8-bb01-2e8b961245f3,6a8951f67d4f56a68ed3a5de,Loa karaoke xách tay Sumico BELLA 42 Red 100W,0.0,8
e025139c-8d65-40c8-bb01-2e8b961245f3,6a894ee5be2a5c677d7a338a,Google Tivi TCL 4K P635,0.0,9
e025139c-8d65-40c8-bb01-2e8b961245f3,6a894691d8b6d0f186675bca,Google Tivi LED Hisense 4K A6500K,0.0,10
e025139c-8d65-40c8-bb01-2e8b961245f3,6a894eddbe2a5c677d7a337f,Google Tivi Sony 4K 43 inch KD-43X77L,0.0,11
e025139c-8d65-40c8-bb01-2e8b961245f3,6abde1825b97752f3de79f0d,,0.0,12
e025139c-8d65-40c8-bb01-2e8b961245f3,6a85243c1559a0b67fd7306e,Loa Bluetooth JBL Charge 5,0.0,13
e025139c-8d65-40c8-bb01-2e8b961245f3,6abde1815b97752f3de79ee7,,0.0,14
e025139c-8d65-40c8-bb01-2e8b961245f3,6abde25dec905de41af5c3d0,,0.0,15
f5110856-c39c-4498-984d-72746f64ee89,6abde1865b97752f3de79f66,,2.1853,1
f5110856-c39c-4498-984d-72746f64ee89,6a83e189b9c238cc70cce36b,Smart Tivi Toshiba 43 inch 43V31MP,0.0,2
f5110856-c39c-4498-984d-72746f64ee89,6a89520b7d4f56a68ed3a601,Loa kéo karaoke Nanomax Pro-9500 3600W,0.0,3
f5110856-c39c-4498-984d-72746f64ee89,6a894f06be2a5c677d7a33b3,Bộ loa thanh Sony 5.1 HT-S20R,0.0,4
f5110856-c39c-4498-984d-72746f64ee89,6a8952127d4f56a68ed3a60d,Loa vi tính Bluetooth Enkor S2880,0.0,5
f5110856-c39c-4498-984d-72746f64ee89,6abde25dec905de41af5c3d0,,0.0,6
f5110856-c39c-4498-984d-72746f64ee89,6a8951f67d4f56a68ed3a5de,Loa karaoke xách tay Sumico BELLA 42 Red 100W,0.0,7
f5110856-c39c-4498-984d-72746f64ee89,6a894ef6be2a5c677d7a33a0,Smart Tivi Samsung 4K QA75Q65D,0.0,8
f5110856-c39c-4498-984d-72746f64ee89,6abde255ec905de41af5c3bf,,0.0,9
f5110856-c39c-4498-984d-72746f64ee89,6a894f6fbe2a5c677d7a343e,Tủ lạnh Toshiba Inverter 474 lít Multi Door GR-RF611WI,0.0,10
f5110856-c39c-4498-984d-72746f64ee89,6abde25eec905de41af5c3d2,,0.0,11
f5110856-c39c-4498-984d-72746f64ee89,6abde17d5b97752f3de79e99,,0.0,12
f5110856-c39c-4498-984d-72746f64ee89,6abde1775b97752f3de79df5,,0.0,13
f5110856-c39c-4498-984d-72746f64ee89,6a8946a9d8b6d0f186675c72,Tủ lạnh Panasonic Inverter 234 lít NR-TV261APSV,0.0,14
f5110856-c39c-4498-984d-72746f64ee89,6abde1665b97752f3de79c88,,0.0,15
